{
  "gene": "ERAP2|ENSG00000164308",
  "eur_only": false,
  "combine": "mean",
  "n_individuals": 255,
  "n_features": 128,
  "n_raw_features": 32768,
  "feature_preprocessing": "unsupervised_truncated_svd_128_from_32768",
  "cv": {
    "features": {
      "ridge": {
        "r2": -0.028472257596771078,
        "r2_ci95": [
          -0.26260957461729606,
          0.175941093397911
        ],
        "spearman": 0.4846716231898555,
        "spearman_ci95": [
          0.37448070930890437,
          0.58898008628635
        ]
      },
      "hist_gbt": {
        "r2": 0.36218348055077243,
        "r2_ci95": [
          0.19959598687971525,
          0.4922019568946437
        ],
        "spearman": 0.6048709634004101,
        "spearman_ci95": [
          0.5124538097199776,
          0.6840975432171661
        ]
      }
    },
    "covariates_only_ancestry": {
      "ridge": {
        "r2": -0.0263414584756696,
        "r2_ci95": [
          -0.0546745976389921,
          -0.009104743734255596
        ],
        "spearman": -0.141103789066899,
        "spearman_ci95": [
          -0.26017402094821246,
          -0.013042140274994715
        ]
      },
      "hist_gbt": {
        "r2": -0.02642832003693152,
        "r2_ci95": [
          -0.0548632445089028,
          -0.009125522603400556
        ],
        "spearman": -0.141103789066899,
        "spearman_ci95": [
          -0.26017402094821246,
          -0.013042140274994715
        ]
      }
    },
    "features_residualized_ancestry": {
      "ridge": {
        "r2": -0.1301456001862804,
        "r2_ci95": [
          -0.45714537016807133,
          0.11210472775042866
        ],
        "spearman": 0.4897457010711377,
        "spearman_ci95": [
          0.37085794119861215,
          0.5900939502708739
        ]
      },
      "hist_gbt": {
        "r2": 0.3359936634816101,
        "r2_ci95": [
          0.1878856904711767,
          0.45039356410477727
        ],
        "spearman": 0.5700947549085625,
        "spearman_ci95": [
          0.4792988523991953,
          0.6555219945691295
        ]
      }
    },
    "features_residualized_altcount": {
      "ridge": {
        "r2": -42.85697085228179,
        "r2_ci95": [
          -68.01786548622641,
          -23.550820767382152
        ],
        "spearman": 0.08070853640687713,
        "spearman_ci95": [
          -0.05166607379898358,
          0.20636785800663304
        ]
      },
      "hist_gbt": {
        "r2": 0.24244918687766892,
        "r2_ci95": [
          0.09373979644168129,
          0.35088798563534584
        ],
        "spearman": 0.4571965572039347,
        "spearman_ci95": [
          0.3431513143107086,
          0.5553759769188465
        ]
      }
    },
    "altcount_only": {
      "ridge": {
        "r2": 0.37071889033462024,
        "r2_ci95": [
          0.24148707724627075,
          0.46984881073444307
        ],
        "spearman": 0.5800622343594315,
        "spearman_ci95": [
          0.4834118081377593,
          0.6643179371676792
        ]
      },
      "hist_gbt": {
        "r2": 0.3682257300984241,
        "r2_ci95": [
          0.23664191865797382,
          0.4844484291763402
        ],
        "spearman": 0.5621795456772787,
        "spearman_ci95": [
          0.45470307791260983,
          0.6555808277812005
        ]
      }
    },
    "permutation_p": 0.001996007984031936,
    "permutation_observed": 0.4846716231898555,
    "n_significant_features_fdr05": 26
  },
  "heldout_test": {
    "features": {
      "spearman": 0.33645621808483145,
      "spearman_ci95": [
        0.12356135081850711,
        0.5278451360721712
      ],
      "r2": -0.9161193912081353,
      "perm_p_twosided": 0.004975124378109453,
      "n_test": 90,
      "null_mean": -0.005383435426110337,
      "null_std": 0.12743282916290125
    },
    "features_plus_ancestry": {
      "spearman": 0.33915606174288254,
      "spearman_ci95": [
        0.12657012978574006,
        0.5302103595515814
      ],
      "r2": -0.9104301235492542,
      "perm_p_twosided": 0.004975124378109453,
      "n_test": 90,
      "null_mean": -0.004989023901413587,
      "null_std": 0.12634914931834174
    },
    "ancestry_only": {
      "spearman": -0.09926925664605066,
      "spearman_ci95": [
        -0.33918572984981105,
        0.1454054919014762
      ],
      "r2": -0.06815788020795233,
      "perm_p_twosided": 1.0,
      "n_test": 90,
      "null_mean": -0.002978077699381519,
      "null_std": 0.0992245754250222
    },
    "altcount_only": {
      "spearman": 0.5735931684482322,
      "spearman_ci95": [
        0.40705088875886275,
        0.7047672666668875
      ],
      "r2": 0.3346180069905945,
      "perm_p_twosided": 1.0,
      "n_test": 90,
      "null_mean": 0.06309524852930554,
      "null_std": 0.5701123683130435
    }
  }
}