{
  "gene": "C17orf97|ENSG00000187624",
  "eur_only": false,
  "combine": "mean",
  "n_individuals": 255,
  "n_features": 128,
  "n_raw_features": 32768,
  "feature_preprocessing": "unsupervised_truncated_svd_128_from_32768",
  "cv": {
    "features": {
      "ridge": {
        "r2": 0.33502913292852654,
        "r2_ci95": [
          0.1963002480484018,
          0.4551223577403686
        ],
        "spearman": 0.6596437602691211,
        "spearman_ci95": [
          0.5883062811776417,
          0.720644771156927
        ]
      },
      "hist_gbt": {
        "r2": 0.5370603675003744,
        "r2_ci95": [
          0.43027515693205776,
          0.6316729455797858
        ],
        "spearman": 0.737229023220398,
        "spearman_ci95": [
          0.6870080675257608,
          0.7801879194670324
        ]
      }
    },
    "covariates_only_ancestry": {
      "ridge": {
        "r2": 0.027481841189491485,
        "r2_ci95": [
          -0.03064271871608284,
          0.08107509186657268
        ],
        "spearman": 0.05118664819092494,
        "spearman_ci95": [
          -0.0856388768661708,
          0.17370502681777658
        ]
      },
      "hist_gbt": {
        "r2": 0.027471298675760814,
        "r2_ci95": [
          -0.030892169833057016,
          0.08140267795371739
        ],
        "spearman": 0.05118664819092494,
        "spearman_ci95": [
          -0.0856388768661708,
          0.17370502681777658
        ]
      }
    },
    "features_residualized_ancestry": {
      "ridge": {
        "r2": -1.9923841527822819,
        "r2_ci95": [
          -3.8071788832844113,
          -0.7681135472493301
        ],
        "spearman": 0.41055065071452457,
        "spearman_ci95": [
          0.27952929990116243,
          0.523617280548381
        ]
      },
      "hist_gbt": {
        "r2": 0.5432846275711181,
        "r2_ci95": [
          0.45181811030238433,
          0.6341908745802468
        ],
        "spearman": 0.7367439600871103,
        "spearman_ci95": [
          0.6885563983902084,
          0.773988190844143
        ]
      }
    },
    "features_residualized_altcount": {
      "ridge": {
        "r2": -39.85579134092378,
        "r2_ci95": [
          -66.28521949837527,
          -22.111976983344803
        ],
        "spearman": -0.26224294149045874,
        "spearman_ci95": [
          -0.3807755070900355,
          -0.1440669227245902
        ]
      },
      "hist_gbt": {
        "r2": 0.4159376547928081,
        "r2_ci95": [
          0.3288738150218282,
          0.5096459024394389
        ],
        "spearman": 0.680686207063687,
        "spearman_ci95": [
          0.6148042730414913,
          0.7273177010254911
        ]
      }
    },
    "altcount_only": {
      "ridge": {
        "r2": 0.4934571269552076,
        "r2_ci95": [
          0.4010588349121413,
          0.5760854582753828
        ],
        "spearman": 0.701783288700835,
        "spearman_ci95": [
          0.6352329721168251,
          0.7471647294942229
        ]
      },
      "hist_gbt": {
        "r2": 0.4989175603936611,
        "r2_ci95": [
          0.38829814302862214,
          0.599439372405304
        ],
        "spearman": 0.7266204560542994,
        "spearman_ci95": [
          0.6564021971024271,
          0.775783337593686
        ]
      }
    },
    "permutation_p": 0.001996007984031936,
    "permutation_observed": 0.6596437602691211,
    "n_significant_features_fdr05": 62
  },
  "heldout_test": {
    "features": {
      "spearman": 0.6189919377440332,
      "spearman_ci95": [
        0.46662520902310134,
        0.7247443423053528
      ],
      "r2": 0.2115394981588753,
      "perm_p_twosided": 0.004975124378109453,
      "n_test": 90,
      "null_mean": -0.00795862659525364,
      "null_std": 0.16167557604690078
    },
    "features_plus_ancestry": {
      "spearman": 0.6148890812735429,
      "spearman_ci95": [
        0.4501158983857563,
        0.7269152722462735
      ],
      "r2": 0.16181745592099128,
      "perm_p_twosided": 0.004975124378109453,
      "n_test": 90,
      "null_mean": -0.009249037202116233,
      "null_std": 0.1658228523935862
    },
    "ancestry_only": {
      "spearman": 0.23927907526822614,
      "spearman_ci95": [
        0.02784822900509624,
        0.4404595128366816
      ],
      "r2": 0.05055854932079373,
      "perm_p_twosided": 1.0,
      "n_test": 90,
      "null_mean": 0.014356744516093572,
      "null_std": 0.23884798460132972
    },
    "altcount_only": {
      "spearman": 0.7210734823853905,
      "spearman_ci95": [
        0.6189687509598086,
        0.7860779109514155
      ],
      "r2": 0.5149119859488571,
      "perm_p_twosided": 1.0,
      "n_test": 90,
      "null_mean": 0.1153717571816625,
      "null_std": 0.7117839030521901
    }
  }
}