{
  "gene": "ERAP2|ENSG00000164308",
  "eur_only": true,
  "combine": "mean",
  "n_individuals": 207,
  "n_features": 128,
  "n_raw_features": 32768,
  "feature_preprocessing": "unsupervised_truncated_svd_128_from_32768",
  "cv": {
    "features": {
      "ridge": {
        "r2": -0.23833675459128845,
        "r2_ci95": [
          -0.5649680145160677,
          0.042826597987842316
        ],
        "spearman": 0.4367299088449437,
        "spearman_ci95": [
          0.30413560171291276,
          0.5497230386150194
        ]
      },
      "hist_gbt": {
        "r2": 0.3976224872658225,
        "r2_ci95": [
          0.24938664655515042,
          0.5215662484524065
        ],
        "spearman": 0.6411794889709862,
        "spearman_ci95": [
          0.5406470787384468,
          0.7173962937383886
        ]
      }
    },
    "covariates_only_ancestry": {
      "ridge": {
        "r2": -0.009486203607521615,
        "r2_ci95": [
          -0.03575445160593059,
          -0.0035876982997532308
        ],
        "spearman": -0.1148168747532986,
        "spearman_ci95": [
          -0.2530576213103962,
          0.018473996494326437
        ]
      },
      "hist_gbt": {
        "r2": -0.009486203607521615,
        "r2_ci95": [
          -0.03575445160593059,
          -0.0035876982997532308
        ],
        "spearman": -0.1148168747532986,
        "spearman_ci95": [
          -0.2530576213103962,
          0.018473996494326437
        ]
      }
    },
    "features_residualized_ancestry": {
      "ridge": {
        "r2": -0.2595981707050288,
        "r2_ci95": [
          -0.5976587839994545,
          0.026343038578356417
        ],
        "spearman": 0.4360818382417063,
        "spearman_ci95": [
          0.30516171618144683,
          0.5479268157468454
        ]
      },
      "hist_gbt": {
        "r2": 0.44995533180935876,
        "r2_ci95": [
          0.31571479730993185,
          0.5696039133893436
        ],
        "spearman": 0.6627349468899759,
        "spearman_ci95": [
          0.5699873347695655,
          0.7446987436785769
        ]
      }
    },
    "features_residualized_altcount": {
      "ridge": {
        "r2": -47.124803465284835,
        "r2_ci95": [
          -79.42617690692683,
          -22.816319093958565
        ],
        "spearman": -0.10638487144221023,
        "spearman_ci95": [
          -0.25498519817139625,
          0.023090174389747902
        ]
      },
      "hist_gbt": {
        "r2": 0.18109561326351242,
        "r2_ci95": [
          0.02882057104112278,
          0.32254484800493094
        ],
        "spearman": 0.4266166340250384,
        "spearman_ci95": [
          0.30743917781349583,
          0.5413515435261832
        ]
      }
    },
    "altcount_only": {
      "ridge": {
        "r2": 0.4540498900023906,
        "r2_ci95": [
          0.3184820891999,
          0.558402450458076
        ],
        "spearman": 0.6329135808621533,
        "spearman_ci95": [
          0.5399840380099836,
          0.7121692078421574
        ]
      },
      "hist_gbt": {
        "r2": 0.4319784810159861,
        "r2_ci95": [
          0.27913238388904427,
          0.5600625099285279
        ],
        "spearman": 0.5983290401187915,
        "spearman_ci95": [
          0.4951920855991608,
          0.6869725072576881
        ]
      }
    },
    "permutation_p": 0.001996007984031936,
    "permutation_observed": 0.4367299088449437,
    "n_significant_features_fdr05": 40
  }
}