{
  "all": {
    "n_genes": 8,
    "n_cv_signal": 8,
    "n_beyond_ancestry": 8,
    "n_beyond_altcount": 8,
    "per_gene": [
      {
        "gene": "C17orf97|ENSG00000187624",
        "n": 255,
        "n_features": 128,
        "n_raw_features": 32768,
        "feature_preprocessing": "unsupervised_truncated_svd_128_from_32768",
        "cv_features_spearman": 0.737229023220398,
        "cv_features_spearman_ci95": [
          0.6870080675257608,
          0.7801879194670324
        ],
        "cv_perm_p": 0.001996007984031936,
        "cv_perm_q_fdr": 0.001996007984031936,
        "cv_resid_ancestry_spearman": 0.7367439600871103,
        "cv_resid_ancestry_ci95": [
          0.6885563983902084,
          0.773988190844143
        ],
        "cv_resid_altcount_spearman": 0.680686207063687,
        "cv_ancestry_only_spearman": 0.05118664819092494,
        "cv_altcount_only_spearman": 0.7266204560542994,
        "heldout_test_features_spearman": 0.6189919377440332,
        "heldout_test_features_ci95": [
          0.46662520902310134,
          0.7247443423053528
        ],
        "heldout_test_perm_p": 0.004975124378109453,
        "heldout_test_ancestry_only_spearman": 0.23927907526822614,
        "heldout_test_altcount_only_spearman": 0.7210734823853905,
        "flags": {
          "cv_signal": true,
          "beyond_ancestry": true,
          "beyond_altcount": true
        }
      },
      {
        "gene": "ERAP2|ENSG00000164308",
        "n": 255,
        "n_features": 128,
        "n_raw_features": 32768,
        "feature_preprocessing": "unsupervised_truncated_svd_128_from_32768",
        "cv_features_spearman": 0.6048709634004101,
        "cv_features_spearman_ci95": [
          0.5124538097199776,
          0.6840975432171661
        ],
        "cv_perm_p": 0.001996007984031936,
        "cv_perm_q_fdr": 0.001996007984031936,
        "cv_resid_ancestry_spearman": 0.5700947549085625,
        "cv_resid_ancestry_ci95": [
          0.4792988523991953,
          0.6555219945691295
        ],
        "cv_resid_altcount_spearman": 0.4571965572039347,
        "cv_ancestry_only_spearman": -0.141103789066899,
        "cv_altcount_only_spearman": 0.5800622343594315,
        "heldout_test_features_spearman": 0.33645621808483145,
        "heldout_test_features_ci95": [
          0.12356135081850711,
          0.5278451360721712
        ],
        "heldout_test_perm_p": 0.004975124378109453,
        "heldout_test_ancestry_only_spearman": -0.09926925664605066,
        "heldout_test_altcount_only_spearman": 0.5735931684482322,
        "flags": {
          "cv_signal": true,
          "beyond_ancestry": true,
          "beyond_altcount": true
        }
      },
      {
        "gene": "GSTM1|ENSG00000134184",
        "n": 255,
        "n_features": 128,
        "n_raw_features": 32768,
        "feature_preprocessing": "unsupervised_truncated_svd_128_from_32768",
        "cv_features_spearman": 0.13935248373266057,
        "cv_features_spearman_ci95": [
          0.010501895946883284,
          0.2679939403434467
        ],
        "cv_perm_p": 0.001996007984031936,
        "cv_perm_q_fdr": 0.001996007984031936,
        "cv_resid_ancestry_spearman": 0.23293154153486087,
        "cv_resid_ancestry_ci95": [
          0.11847977239229551,
          0.3538726451954121
        ],
        "cv_resid_altcount_spearman": 0.1366278038522114,
        "cv_ancestry_only_spearman": -0.10034800042083811,
        "cv_altcount_only_spearman": 0.13873315684850587,
        "heldout_test_features_spearman": 0.16872606179478664,
        "heldout_test_features_ci95": [
          0.0067545740341812864,
          0.31980115104938006
        ],
        "heldout_test_perm_p": 0.014925373134328358,
        "heldout_test_ancestry_only_spearman": 0.09697401371781826,
        "heldout_test_altcount_only_spearman": 0.16458408577810946,
        "flags": {
          "cv_signal": true,
          "beyond_ancestry": true,
          "beyond_altcount": true
        }
      },
      {
        "gene": "PEX6|ENSG00000124587",
        "n": 255,
        "n_features": 128,
        "n_raw_features": 32768,
        "feature_preprocessing": "unsupervised_truncated_svd_128_from_32768",
        "cv_features_spearman": 0.7954599654040622,
        "cv_features_spearman_ci95": [
          0.7268474877482171,
          0.8496952479005164
        ],
        "cv_perm_p": 0.001996007984031936,
        "cv_perm_q_fdr": 0.001996007984031936,
        "cv_resid_ancestry_spearman": 0.8021428943002386,
        "cv_resid_ancestry_ci95": [
          0.7445703894297643,
          0.8511164349954597
        ],
        "cv_resid_altcount_spearman": 0.6814593596137279,
        "cv_ancestry_only_spearman": -0.13508789911334457,
        "cv_altcount_only_spearman": 0.6476879302711737,
        "heldout_test_features_spearman": 0.6490192775555943,
        "heldout_test_features_ci95": [
          0.4560444235779727,
          0.7767625969225996
        ],
        "heldout_test_perm_p": 0.004975124378109453,
        "heldout_test_ancestry_only_spearman": -0.07287396297137823,
        "heldout_test_altcount_only_spearman": 0.5821747718695764,
        "flags": {
          "cv_signal": true,
          "beyond_ancestry": true,
          "beyond_altcount": true
        }
      },
      {
        "gene": "POMZP3|ENSG00000146707",
        "n": 255,
        "n_features": 128,
        "n_raw_features": 32768,
        "feature_preprocessing": "unsupervised_truncated_svd_128_from_32768",
        "cv_features_spearman": 0.7544667384638476,
        "cv_features_spearman_ci95": [
          0.7000653716319349,
          0.8018422300743481
        ],
        "cv_perm_p": 0.001996007984031936,
        "cv_perm_q_fdr": 0.001996007984031936,
        "cv_resid_ancestry_spearman": 0.7674325280383573,
        "cv_resid_ancestry_ci95": [
          0.7157967021557926,
          0.8084622199188132
        ],
        "cv_resid_altcount_spearman": 0.7508777152709928,
        "cv_ancestry_only_spearman": -0.04827565108800395,
        "cv_altcount_only_spearman": 0.579546727475382,
        "heldout_test_features_spearman": 0.667485376458892,
        "heldout_test_features_ci95": [
          0.5124762331301929,
          0.7751889631967913
        ],
        "heldout_test_perm_p": 0.004975124378109453,
        "heldout_test_ancestry_only_spearman": 0.02123099708614956,
        "heldout_test_altcount_only_spearman": 0.291148483450281,
        "flags": {
          "cv_signal": true,
          "beyond_ancestry": true,
          "beyond_altcount": true
        }
      },
      {
        "gene": "RPS26|ENSG00000197728",
        "n": 255,
        "n_features": 128,
        "n_raw_features": 32768,
        "feature_preprocessing": "unsupervised_truncated_svd_128_from_32768",
        "cv_features_spearman": 0.8249140146833573,
        "cv_features_spearman_ci95": [
          0.7744269471577341,
          0.8613798152616916
        ],
        "cv_perm_p": 0.001996007984031936,
        "cv_perm_q_fdr": 0.001996007984031936,
        "cv_resid_ancestry_spearman": 0.8176460816828702,
        "cv_resid_ancestry_ci95": [
          0.760326971983596,
          0.8535987140806504
        ],
        "cv_resid_altcount_spearman": 0.7794838237817967,
        "cv_ancestry_only_spearman": 0.04864588221382474,
        "cv_altcount_only_spearman": 0.49331375229088853,
        "heldout_test_features_spearman": 0.7522124333399476,
        "heldout_test_features_ci95": [
          0.614426582986747,
          0.8341839214091585
        ],
        "heldout_test_perm_p": 0.004975124378109453,
        "heldout_test_ancestry_only_spearman": 0.2450171825888071,
        "heldout_test_altcount_only_spearman": 0.655074369682756,
        "flags": {
          "cv_signal": true,
          "beyond_ancestry": true,
          "beyond_altcount": true
        }
      },
      {
        "gene": "SLFN5|ENSG00000166750",
        "n": 255,
        "n_features": 128,
        "n_raw_features": 32768,