{
  "seed": 0,
  "n_items": 700,
  "n_features": 32768,
  "contrasts": [
    {
      "name": "a_coding_disrupting_vs_not",
      "n": 700,
      "n_pos": 200,
      "n_groups": 24,
      "covariates": [
        "log_svlen",
        "svtype_ins",
        "repeat_frac",
        "mappability",
        "gene_density"
      ],
      "features": {
        "l2_logreg": {
          "auroc": 0.58649,
          "auroc_ci95": [
            0.5242132464191109,
            0.6536395188985006
          ],
          "auprc": 0.43706771209462464,
          "auprc_ci95": [
            0.3686741810883178,
            0.5366755315881137
          ]
        },
        "hist_gbt": {
          "auroc": 0.69113,
          "auroc_ci95": [
            0.6548388224563791,
            0.7365934680652964
          ],
          "auprc": 0.45205097280946405,
          "auprc_ci95": [
            0.38927362107867974,
            0.5324384005414196
          ]
        }
      },
      "covariates_only": {
        "l2_logreg": {
          "auroc": 0.80213,
          "auroc_ci95": [
            0.7699660368263656,
            0.8369969455880872
          ],
          "auprc": 0.6739499168635166,
          "auprc_ci95": [
            0.620682706451044,
            0.728832886171897
          ]
        },
        "hist_gbt": {
          "auroc": 0.805735,
          "auroc_ci95": [
            0.7729158756654338,
            0.838380394618596
          ],
          "auprc": 0.6697937681504396,
          "auprc_ci95": [
            0.5943310092124343,
            0.7366767029159774
          ]
        }
      },
      "features_residualized": {
        "l2_logreg": {
          "auroc": 0.4177099999999999,
          "auroc_ci95": [
            0.36869309478566986,
            0.46643124330223223
          ],
          "auprc": 0.2652951068681293,
          "auprc_ci95": [
            0.22764914023083788,
            0.3199668826207201
          ]
        },
        "hist_gbt": {
          "auroc": 0.6534800000000001,
          "auroc_ci95": [
            0.6148109115168492,
            0.7018452200443069
          ],
          "auprc": 0.401288848134017,
          "auprc_ci95": [
            0.3398665165242982,
            0.48188143053724836
          ]
        }
      },
      "permutation_p": 0.004995004995004995,
      "permutation_observed": 0.58649,
      "permutation_null_mean": 0.49867165,
      "n_sig_features_fdr05": 362,
      "outdir": "/Users/user/bio-interp-experiments/results/aim1_sv/a_coding_disrupting_vs_not"
    },
    {
      "name": "c_coding_vs_intergenic_raw",
      "n": 300,
      "n_pos": 200,
      "n_groups": 24,
      "covariates": [
        "log_svlen",
        "svtype_ins",
        "repeat_frac",
        "mappability",
        "gene_density"
      ],
      "features": {
        "l2_logreg": {
          "auroc": 0.61015,
          "auroc_ci95": [
            0.5483497710043471,
            0.6745478793646745
          ],
          "auprc": 0.7592903577311457,
          "auprc_ci95": [
            0.6794400254499637,
            0.8358474393657475
          ]
        },
        "hist_gbt": {
          "auroc": 0.6627,
          "auroc_ci95": [
            0.6088045389579462,
            0.7204146706445386
          ],
          "auprc": 0.7707987178603302,
          "auprc_ci95": [
            0.6872910978589583,
            0.8439462446159715
          ]
        }
      },
      "covariates_only": {
        "l2_logreg": {
          "auroc": 0.9904499999999999,
          "auroc_ci95": [
            0.9816122816482962,
            0.9969886180112437
          ],
          "auprc": 0.9953812125064974,
          "auprc_ci95": [
            0.9896516360888323,
            0.9986783682270736
          ]
        },
        "hist_gbt": {
          "auroc": 0.99155,
          "auroc_ci95": [
            0.9799736903603189,
            0.9975112712017393
          ],
          "auprc": 0.9954183334210778,
          "auprc_ci95": [
            0.9896611034734882,
            0.9987198652545323
          ]
        }
      },
      "features_residualized": {
        "l2_logreg": {
          "auroc": 0.26265,
          "auroc_ci95": [
            0.22091123968878532,
            0.29994378028679675
          ],
          "auprc": 0.5574819556818937,
          "auprc_ci95": [
            0.5010993118925117,
            0.6309819457407546
          ]
        },
        "hist_gbt": {
          "auroc": 0.67805,
          "auroc_ci95": [
            0.6059766967094822,
            0.7505869532312404
          ],
          "auprc": 0.7568788696410523,
          "auprc_ci95": [
            0.665129375528154,
            0.8453516511699332
          ]
        }
      },
      "permutation_p": 0.01098901098901099,
      "permutation_observed": 0.61015,
      "permutation_null_mean": 0.4991913,
      "n_sig_features_fdr05": 0,
      "outdir": "/Users/user/bio-interp-experiments/results/aim1_sv/c_coding_vs_intergenic_raw"
    },
    {
      "name": "b_coding_vs_intergenic_lenmatched",
      "n": 166,
      "n_pos": 83,
      "n_groups": 24,
      "covariates": [
        "log_svlen",
        "svtype_ins",
        "repeat_frac",
        "mappability",
        "gene_density"
      ],
      "features": {
        "l2_logreg": {
          "auroc": 0.5469589200174191,
          "auroc_ci95": [
            0.48039662756598245,
            0.6357127221016643
          ],
          "auprc": 0.5272485107676598,
          "auprc_ci95": [
            0.42616258033871046,
            0.6502313885651729
          ]
        },
        "hist_gbt": {
          "auroc": 0.5166206996661343,
          "auroc_ci95": [
            0.420094676281113,
            0.5988850544346207
          ],
          "auprc": 0.5325065612500586,
          "auprc_ci95": [
            0.41610288884703334,
            0.6791750637017187
          ]
        }
      },
      "covariates_only": {
        "l2_logreg": {
          "auroc": 0.9914356220060967,
          "auroc_ci95": [
            0.9773459585501557,
            0.9990939153439153
          ],
          "auprc": 0.9926161869593493,
          "auprc_ci95": [
            0.978893335074113,
            0.9990923811551202
          ]
        },
        "hist_gbt": {
          "auroc": 0.9872260124836696,
          "auroc_ci95": [
            0.9641772423347619,
            0.9991016464104885
          ],
          "auprc": 0.986161550107466,
          "auprc_ci95": [
            0.9633109581440852,
            0.9991548788918363
          ]
        }
      },
      "features_residualized": {
        "l2_logreg": {
          "auroc": 0.04935404267673103,
          "auroc_ci95": [
            0.021423902894491125,
            0.08542678336156596
          ],
          "auprc": 0.3190022456662396,
          "auprc_ci95": [
            0.23901175479499878,
            0.4069640172592294
          ]
        },
        "hist_gbt": {
          "auroc": 0.3941065466686021,
          "auroc_ci95": [
            0.3098460043452151,
            0.5174117922898986
          ],
          "auprc": 0.4336789776343215,
          "auprc_ci95": [
            0.32083335919779393,
            0.5757140752806149
          ]
        }
      },
      "permutation_p": 0.2957042957042957,
      "permutation_observed": 0.5469589200174191,
      "permutation_null_mean": 0.5180364348962114,
      "n_sig_features_fdr05": 0,
      "outdir": "/Users/user/bio-interp-experiments/results/aim1_sv/b_coding_vs_intergenic_lenmatched",
      "lenmatch_median_log_svlen": {
        "coding": 2.0863598306747484,
        "intergenic": 2.0755469613925306
      }
    },
    {
      "name": "pair_cds_vs_intronic_lenmatched",
      "n": 124,
      "n_pos": 62,
      "n_groups": 23,
      "covariates": [
        "log_svlen",
        "svtype_ins",
        "repeat_frac",
        "mappability",
        "gene_density"
      ],
      "features": {
        "l2_logreg": {
          "auroc": 0.36160249739854317,