{
  "gene": "C17orf97|ENSG00000187624",
  "eur_only": true,
  "combine": "mean",
  "n_individuals": 207,
  "n_features": 128,
  "n_raw_features": 32768,
  "feature_preprocessing": "unsupervised_truncated_svd_128_from_32768",
  "cv": {
    "features": {
      "ridge": {
        "r2": 0.3775941213806684,
        "r2_ci95": [
          0.15406889173596194,
          0.55403724588796
        ],
        "spearman": 0.636379543230396,
        "spearman_ci95": [
          0.5353070160550149,
          0.7143823662772479
        ]
      },
      "hist_gbt": {
        "r2": 0.570784470549951,
        "r2_ci95": [
          0.4550170702635076,
          0.6642950876250546
        ],
        "spearman": 0.700579330099313,
        "spearman_ci95": [
          0.6309557890245686,
          0.7513333239092982
        ]
      }
    },
    "covariates_only_ancestry": {
      "ridge": {
        "r2": -0.007625457489450094,
        "r2_ci95": [
          -0.031727308796367655,
          -0.0009750222049784805
        ],
        "spearman": -0.11531881021899704,
        "spearman_ci95": [
          -0.2684994098034854,
          0.04084144031265532
        ]
      },
      "hist_gbt": {
        "r2": -0.007625457489450094,
        "r2_ci95": [
          -0.031727308796367655,
          -0.0009750222049784805
        ],
        "spearman": -0.11531881021899704,
        "spearman_ci95": [
          -0.2684994098034854,
          0.04084144031265532
        ]
      }
    },
    "features_residualized_ancestry": {
      "ridge": {
        "r2": 0.370271449283773,
        "r2_ci95": [
          0.13994746444372244,
          0.5576466025813708
        ],
        "spearman": 0.638061870655559,
        "spearman_ci95": [
          0.5418644724792184,
          0.7184215425966028
        ]
      },
      "hist_gbt": {
        "r2": 0.5901481782252591,
        "r2_ci95": [
          0.49667111495731187,
          0.6704481517549236
        ],
        "spearman": 0.7094005761647159,
        "spearman_ci95": [
          0.6440505685341846,
          0.7615143576478794
        ]
      }
    },
    "features_residualized_altcount": {
      "ridge": {
        "r2": -64.55101618093256,
        "r2_ci95": [
          -100.30025114905881,
          -26.459556698411976
        ],
        "spearman": -0.12109747386903354,
        "spearman_ci95": [
          -0.25149703966016534,
          0.0327278747222528
        ]
      },
      "hist_gbt": {
        "r2": 0.4868138221538246,
        "r2_ci95": [
          0.4001417838370404,
          0.5741317624792108
        ],
        "spearman": 0.6906782628404461,
        "spearman_ci95": [
          0.613453401068364,
          0.7405016466461726
        ]
      }
    },
    "altcount_only": {
      "ridge": {
        "r2": 0.586366258481586,
        "r2_ci95": [
          0.5071546075607567,
          0.6606073903143762
        ],
        "spearman": 0.7311340933325426,
        "spearman_ci95": [
          0.6630587089243268,
          0.7756278975685544
        ]
      },
      "hist_gbt": {
        "r2": 0.597614339310253,
        "r2_ci95": [
          0.4934838389161412,
          0.6865288033471955
        ],
        "spearman": 0.7143769134078732,
        "spearman_ci95": [
          0.6455017254058868,
          0.7640056982486173
        ]
      }
    },
    "permutation_p": 0.001996007984031936,
    "permutation_observed": 0.636379543230396,
    "n_significant_features_fdr05": 70
  }
}