{
  "gene": "RPS26|ENSG00000197728",
  "eur_only": false,
  "combine": "mean",
  "n_individuals": 255,
  "n_features": 128,
  "n_raw_features": 32768,
  "feature_preprocessing": "unsupervised_truncated_svd_128_from_32768",
  "cv": {
    "features": {
      "ridge": {
        "r2": 0.6074398635117255,
        "r2_ci95": [
          0.5035922762343096,
          0.6849893566572105
        ],
        "spearman": 0.7502848768389299,
        "spearman_ci95": [
          0.676717329299717,
          0.8038962799432011
        ]
      },
      "hist_gbt": {
        "r2": 0.7252022049729158,
        "r2_ci95": [
          0.6515561448414621,
          0.7865884961140444
        ],
        "spearman": 0.8249140146833573,
        "spearman_ci95": [
          0.7744269471577341,
          0.8613798152616916
        ]
      }
    },
    "covariates_only_ancestry": {
      "ridge": {
        "r2": 0.03361056788073069,
        "r2_ci95": [
          -0.013583393841379753,
          0.08274387617040344
        ],
        "spearman": 0.04864588221382474,
        "spearman_ci95": [
          -0.0717728485415194,
          0.16432685878337705
        ]
      },
      "hist_gbt": {
        "r2": 0.033592758300699854,
        "r2_ci95": [
          -0.013854828817223507,
          0.08288475712601569
        ],
        "spearman": 0.04864588221382474,
        "spearman_ci95": [
          -0.0717728485415194,
          0.16432685878337705
        ]
      }
    },
    "features_residualized_ancestry": {
      "ridge": {
        "r2": -1.9768661091822777,
        "r2_ci95": [
          -3.5278541594673545,
          -0.6674684806510565
        ],
        "spearman": 0.5618971300718216,
        "spearman_ci95": [
          0.4446996655898146,
          0.6597944961810673
        ]
      },
      "hist_gbt": {
        "r2": 0.7155765213768412,
        "r2_ci95": [
          0.6386952937128018,
          0.7790342091388588
        ],
        "spearman": 0.8176460816828702,
        "spearman_ci95": [
          0.760326971983596,
          0.8535987140806504
        ]
      }
    },
    "features_residualized_altcount": {
      "ridge": {
        "r2": -6.60982237373155,
        "r2_ci95": [
          -12.013488950939996,
          -2.3009971625017354
        ],
        "spearman": 0.5135596531981844,
        "spearman_ci95": [
          0.3851244980988794,
          0.6210378039109109
        ]
      },
      "hist_gbt": {
        "r2": 0.6792002816062428,
        "r2_ci95": [
          0.5995714202178072,
          0.7486197884271496
        ],
        "spearman": 0.7794838237817967,
        "spearman_ci95": [
          0.714670362010466,
          0.8215215058690626
        ]
      }
    },
    "altcount_only": {
      "ridge": {
        "r2": 0.10896157965284148,
        "r2_ci95": [
          -0.010018579203099922,
          0.1927570069429741
        ],
        "spearman": 0.49331375229088853,
        "spearman_ci95": [
          0.39013867106437483,
          0.5863843078816156
        ]
      },
      "hist_gbt": {
        "r2": 0.256943017358364,
        "r2_ci95": [
          0.15465902353544606,
          0.3469591491273519
        ],
        "spearman": 0.48263753887467753,
        "spearman_ci95": [
          0.38212060019559885,
          0.5717019850805055
        ]
      }
    },
    "permutation_p": 0.001996007984031936,
    "permutation_observed": 0.7502848768389299,
    "n_significant_features_fdr05": 82
  },
  "heldout_test": {
    "features": {
      "spearman": 0.7522124333399476,
      "spearman_ci95": [
        0.614426582986747,
        0.8341839214091585
      ],
      "r2": 0.5915943202841447,
      "perm_p_twosided": 0.004975124378109453,
      "n_test": 90,
      "null_mean": 0.0026697070724801693,
      "null_std": 0.17287201418464337
    },
    "features_plus_ancestry": {
      "spearman": 0.7526231324814894,
      "spearman_ci95": [
        0.6134111128344444,
        0.835219834207879
      ],
      "r2": 0.5918294041414369,
      "perm_p_twosided": 0.004975124378109453,
      "n_test": 90,
      "null_mean": 0.002738359265321604,
      "null_std": 0.17395051932402775
    },
    "ancestry_only": {
      "spearman": 0.2450171825888071,
      "spearman_ci95": [
        0.08435197524429162,
        0.3804395034666106
      ],
      "r2": 0.048211905725556115,
      "perm_p_twosided": 1.0,
      "n_test": 90,
      "null_mean": -0.019601374607104566,
      "null_std": 0.24423186908605682
    },
    "altcount_only": {
      "spearman": 0.655074369682756,
      "spearman_ci95": [
        0.49856970135679995,
        0.7638836870589123
      ],
      "r2": 0.18361112765307475,
      "perm_p_twosided": 1.0,
      "n_test": 90,
      "null_mean": 0.006550743696827561,
      "null_std": 0.655041615145388
    }
  }
}