{
  "gene": "PEX6|ENSG00000124587",
  "eur_only": false,
  "combine": "mean",
  "n_individuals": 255,
  "n_features": 128,
  "n_raw_features": 32768,
  "feature_preprocessing": "unsupervised_truncated_svd_128_from_32768",
  "cv": {
    "features": {
      "ridge": {
        "r2": 0.3116692049775347,
        "r2_ci95": [
          0.11164209448688507,
          0.4591904992677151
        ],
        "spearman": 0.6318446326537456,
        "spearman_ci95": [
          0.5268257284293071,
          0.7157397790715027
        ]
      },
      "hist_gbt": {
        "r2": 0.7179780149627806,
        "r2_ci95": [
          0.651408486356541,
          0.7647415758496027
        ],
        "spearman": 0.7954599654040622,
        "spearman_ci95": [
          0.7268474877482171,
          0.8496952479005164
        ]
      }
    },
    "covariates_only_ancestry": {
      "ridge": {
        "r2": -0.0089173713319608,
        "r2_ci95": [
          -0.027254529053268063,
          -0.003142409150635467
        ],
        "spearman": -0.13508789911334457,
        "spearman_ci95": [
          -0.25104589259085985,
          -0.009505627487111121
        ]
      },
      "hist_gbt": {
        "r2": -0.008936064748360506,
        "r2_ci95": [
          -0.027278325263650604,
          -0.0031611743959933936
        ],
        "spearman": -0.13508789911334457,
        "spearman_ci95": [
          -0.25104589259085985,
          -0.009505627487111121
        ]
      }
    },
    "features_residualized_ancestry": {
      "ridge": {
        "r2": 0.29254993519631,
        "r2_ci95": [
          0.09173094089420476,
          0.44373109019685775
        ],
        "spearman": 0.631288902938316,
        "spearman_ci95": [
          0.5246474095825644,
          0.7124219290958876
        ]
      },
      "hist_gbt": {
        "r2": 0.7020927682475173,
        "r2_ci95": [
          0.6331944852379816,
          0.7526490815701494
        ],
        "spearman": 0.8021428943002386,
        "spearman_ci95": [
          0.7445703894297643,
          0.8511164349954597
        ]
      }
    },
    "features_residualized_altcount": {
      "ridge": {
        "r2": -37.05144715494482,
        "r2_ci95": [
          -52.95725914818579,
          -24.098281573823858
        ],
        "spearman": 0.14704392323238916,
        "spearman_ci95": [
          0.031447302835420805,
          0.2629811777092554
        ]
      },
      "hist_gbt": {
        "r2": 0.5640295080781539,
        "r2_ci95": [
          0.4435345308467605,
          0.658329519780044
        ],
        "spearman": 0.6814593596137279,
        "spearman_ci95": [
          0.574040495521344,
          0.7610693987792327
        ]
      }
    },
    "altcount_only": {
      "ridge": {
        "r2": 0.448037128031591,
        "r2_ci95": [
          0.33293994242749786,
          0.5399494010980855
        ],
        "spearman": 0.5851444254150386,
        "spearman_ci95": [
          0.48449291620842583,
          0.6731790958322914
        ]
      },
      "hist_gbt": {
        "r2": 0.49276794046934846,
        "r2_ci95": [
          0.38298728215194805,
          0.5925980084922923
        ],
        "spearman": 0.6476879302711737,
        "spearman_ci95": [
          0.5522655635056961,
          0.7306983073176351
        ]
      }
    },
    "permutation_p": 0.001996007984031936,
    "permutation_observed": 0.6318446326537456,
    "n_significant_features_fdr05": 26
  },
  "heldout_test": {
    "features": {
      "spearman": 0.6490192775555943,
      "spearman_ci95": [
        0.4560444235779727,
        0.7767625969225996
      ],
      "r2": 0.3076598384132979,
      "perm_p_twosided": 0.004975124378109453,
      "n_test": 90,
      "null_mean": -0.004145161706881596,
      "null_std": 0.14078834656361838
    },
    "features_plus_ancestry": {
      "spearman": 0.6459001532861012,
      "spearman_ci95": [
        0.4523704114592528,
        0.7727630809251241
      ],
      "r2": 0.3065257125215508,
      "perm_p_twosided": 0.004975124378109453,
      "n_test": 90,
      "null_mean": -0.004954472843694843,
      "null_std": 0.14040606874388395
    },
    "ancestry_only": {
      "spearman": -0.07287396297137823,
      "spearman_ci95": [
        -0.24966511770289457,
        0.0866347333745715
      ],
      "r2": -0.01320603319937863,
      "perm_p_twosided": 1.0,
      "n_test": 90,
      "null_mean": 0.00655865666742404,
      "null_std": 0.07257822333091833
    },
    "altcount_only": {
      "spearman": 0.5821747718695764,
      "spearman_ci95": [
        0.39477518218137136,
        0.7164681842261611
      ],
      "r2": 0.5229649817868254,
      "perm_p_twosided": 1.0,
      "n_test": 90,
      "null_mean": 0.029108738593478824,
      "null_std": 0.5814465980112791
    }
  }
}