{
  "gene": "SLFN5|ENSG00000166750",
  "eur_only": false,
  "combine": "mean",
  "n_individuals": 255,
  "n_features": 128,
  "n_raw_features": 32768,
  "feature_preprocessing": "unsupervised_truncated_svd_128_from_32768",
  "cv": {
    "features": {
      "ridge": {
        "r2": 0.4650603329563313,
        "r2_ci95": [
          0.29389086169601153,
          0.5843372473091075
        ],
        "spearman": 0.6739990997354948,
        "spearman_ci95": [
          0.5857828811859774,
          0.7508856592624411
        ]
      },
      "hist_gbt": {
        "r2": 0.5025633373968219,
        "r2_ci95": [
          0.4017113860678978,
          0.596602088443006
        ],
        "spearman": 0.7263571183861677,
        "spearman_ci95": [
          0.6583589691294975,
          0.7815277311619425
        ]
      }
    },
    "covariates_only_ancestry": {
      "ridge": {
        "r2": -0.024711081136464808,
        "r2_ci95": [
          -0.06816205374780229,
          -0.0011995030199782426
        ],
        "spearman": -0.06319684347706205,
        "spearman_ci95": [
          -0.1811875208742132,
          0.07247463712032387
        ]
      },
      "hist_gbt": {
        "r2": -0.024761237077017606,
        "r2_ci95": [
          -0.06829438408428525,
          -0.0011365378444604312
        ],
        "spearman": -0.06319684347706205,
        "spearman_ci95": [
          -0.1811875208742132,
          0.07247463712032387
        ]
      }
    },
    "features_residualized_ancestry": {
      "ridge": {
        "r2": 0.0018632249088657016,
        "r2_ci95": [
          -0.4025735778313432,
          0.31432200752686396
        ],
        "spearman": 0.6223937353490849,
        "spearman_ci95": [
          0.5282578705559843,
          0.7023289195129047
        ]
      },
      "hist_gbt": {
        "r2": 0.5266062056607781,
        "r2_ci95": [
          0.4097966872936972,
          0.6245489367020991
        ],
        "spearman": 0.7131992897360704,
        "spearman_ci95": [
          0.6416811321681971,
          0.7728021432282322
        ]
      }
    },
    "features_residualized_altcount": {
      "ridge": {
        "r2": -68.54253490280179,
        "r2_ci95": [
          -109.96461165394639,
          -36.007591261074964
        ],
        "spearman": -0.1599894913499771,
        "spearman_ci95": [
          -0.2763897309037263,
          -0.03254838571811267
        ]
      },
      "hist_gbt": {
        "r2": 0.34668253470349064,
        "r2_ci95": [
          0.23912382603818913,
          0.44534999512810913
        ],
        "spearman": 0.60203565663772,
        "spearman_ci95": [
          0.5029621917017523,
          0.6895981389587985
        ]
      }
    },
    "altcount_only": {
      "ridge": {
        "r2": 0.5622341020234203,
        "r2_ci95": [
          0.474627750152718,
          0.63858521961421
        ],
        "spearman": 0.7559635339791776,
        "spearman_ci95": [
          0.6902447791501833,
          0.8063631157461602
        ]
      },
      "hist_gbt": {
        "r2": 0.5640413849744927,
        "r2_ci95": [
          0.4763970998351042,
          0.6466407747588409
        ],
        "spearman": 0.7292248064477246,
        "spearman_ci95": [
          0.6608756001378531,
          0.7846931540362634
        ]
      }
    },
    "permutation_p": 0.001996007984031936,
    "permutation_observed": 0.6739990997354948,
    "n_significant_features_fdr05": 52
  },
  "heldout_test": {
    "features": {
      "spearman": 0.7812526257686937,
      "spearman_ci95": [
        0.6742426335029047,
        0.8470647046341404
      ],
      "r2": 0.5794046923309677,
      "perm_p_twosided": 0.004975124378109453,
      "n_test": 90,
      "null_mean": 0.0002957768751715034,
      "null_std": 0.16050338309685072
    },
    "features_plus_ancestry": {
      "spearman": 0.7661679655885123,
      "spearman_ci95": [
        0.656728815304194,
        0.8377566647810616
      ],
      "r2": 0.5469888522070832,
      "perm_p_twosided": 0.004975124378109453,
      "n_test": 90,
      "null_mean": 0.0014758088321981339,
      "null_std": 0.15978985182220898
    },
    "ancestry_only": {
      "spearman": 0.22435999623471564,
      "spearman_ci95": [
        0.004184297600891026,
        0.4164430102493966
      ],
      "r2": -0.004339945747677154,
      "perm_p_twosided": 1.0,
      "n_test": 90,
      "null_mean": -0.0022435999623471557,
      "null_std": 0.22434877795443986
    },
    "altcount_only": {
      "spearman": 0.7978955948097222,
      "spearman_ci95": [
        0.6888529331487113,
        0.8678482820269058
      ],
      "r2": 0.6455587058859835,
      "perm_p_twosided": 1.0,
      "n_test": 90,
      "null_mean": -0.08776851542906944,
      "null_std": 0.7930536349555039
    }
  }
}