{
  "title": "SLFN5|ENSG00000166750 (EUR-only) | SAE-features vs ancestry",
  "separation": {
    "task": "regression",
    "n_samples": 207,
    "n_features": 128,
    "n_groups": 207,
    "n_splits": 5,
    "split_strategy": "GroupKFold",
    "features": {
      "ridge": {
        "r2": 0.5668324876720681,
        "r2_ci95": [
          0.44745629154310124,
          0.6481575362588297
        ],
        "spearman": 0.7251358909826117,
        "spearman_ci95": [
          0.6410382460266413,
          0.7910752784801723
        ]
      },
      "hist_gbt": {
        "r2": 0.617376536025813,
        "r2_ci95": [
          0.5317294056857752,
          0.6882120833551713
        ],
        "spearman": 0.7248005111776613,
        "spearman_ci95": [
          0.636039101466271,
          0.7925992130112969
        ]
      }
    },
    "covariates_only": {
      "ridge": {
        "r2": -0.02365450473480668,
        "r2_ci95": [
          -0.05212799886545137,
          -0.01386944753475994
        ],
        "spearman": -0.16149549222290632,
        "spearman_ci95": [
          -0.29226309418364815,
          -0.045093207153558586
        ]
      },
      "hist_gbt": {
        "r2": -0.02365450473480668,
        "r2_ci95": [
          -0.05212799886545137,
          -0.01386944753475994
        ],
        "spearman": -0.16149549222290632,
        "spearman_ci95": [
          -0.29226309418364815,
          -0.045093207153558586
        ]
      }
    },
    "features_residualized": {
      "ridge": {
        "r2": 0.564336026409854,
        "r2_ci95": [
          0.4451740046735854,
          0.6485486239001561
        ],
        "spearman": 0.7235127755179227,
        "spearman_ci95": [
          0.63325555411597,
          0.7887093620547734
        ]
      },
      "hist_gbt": {
        "r2": 0.6017528580994811,
        "r2_ci95": [
          0.5172407211502127,
          0.6672074020722872
        ],
        "spearman": 0.7363583188591251,
        "spearman_ci95": [
          0.6548601002657194,
          0.8001656380964159
        ]
      }
    }
  },
  "permutation_test": {
    "metric": "spearman",
    "model": "ridge",
    "observed": 0.7251358909826117,
    "null_mean": -0.011523139253633756,
    "null_std": 0.09090915641890737,
    "n_perm_effective": 500,
    "p_value": 0.001996007984031936,
    "permute_within_groups": true,
    "permutation_unit": "group"
  },
  "n_significant_features_fdr05": 64,
  "plots": [
    "/Users/user/bio-interp-experiments/results/aim3_assoc/SLFN5_ENSG00000166750__EURonly/pca.png",
    "/Users/user/bio-interp-experiments/results/aim3_assoc/SLFN5_ENSG00000166750__EURonly/umap.png",
    "/Users/user/bio-interp-experiments/results/aim3_assoc/SLFN5_ENSG00000166750__EURonly/volcano.png",
    "/Users/user/bio-interp-experiments/results/aim3_assoc/SLFN5_ENSG00000166750__EURonly/top_features.png"
  ]
}