{
  "gene": "SLFN5|ENSG00000166750",
  "eur_only": true,
  "combine": "mean",
  "n_individuals": 207,
  "n_features": 128,
  "n_raw_features": 32768,
  "feature_preprocessing": "unsupervised_truncated_svd_128_from_32768",
  "cv": {
    "features": {
      "ridge": {
        "r2": 0.5668324876720681,
        "r2_ci95": [
          0.44745629154310124,
          0.6481575362588297
        ],
        "spearman": 0.7251358909826117,
        "spearman_ci95": [
          0.6410382460266413,
          0.7910752784801723
        ]
      },
      "hist_gbt": {
        "r2": 0.617376536025813,
        "r2_ci95": [
          0.5317294056857752,
          0.6882120833551713
        ],
        "spearman": 0.7248005111776613,
        "spearman_ci95": [
          0.636039101466271,
          0.7925992130112969
        ]
      }
    },
    "covariates_only_ancestry": {
      "ridge": {
        "r2": -0.02365450473480668,
        "r2_ci95": [
          -0.05212799886545137,
          -0.01386944753475994
        ],
        "spearman": -0.16149549222290632,
        "spearman_ci95": [
          -0.29226309418364815,
          -0.045093207153558586
        ]
      },
      "hist_gbt": {
        "r2": -0.02365450473480668,
        "r2_ci95": [
          -0.05212799886545137,
          -0.01386944753475994
        ],
        "spearman": -0.16149549222290632,
        "spearman_ci95": [
          -0.29226309418364815,
          -0.045093207153558586
        ]
      }
    },
    "features_residualized_ancestry": {
      "ridge": {
        "r2": 0.564336026409854,
        "r2_ci95": [
          0.4451740046735854,
          0.6485486239001561
        ],
        "spearman": 0.7235127755179227,
        "spearman_ci95": [
          0.63325555411597,
          0.7887093620547734
        ]
      },
      "hist_gbt": {
        "r2": 0.6017528580994811,
        "r2_ci95": [
          0.5172407211502127,
          0.6672074020722872
        ],
        "spearman": 0.7363583188591251,
        "spearman_ci95": [
          0.6548601002657194,
          0.8001656380964159
        ]
      }
    },
    "features_residualized_altcount": {
      "ridge": {
        "r2": -80.35598461571884,
        "r2_ci95": [
          -155.1217769921321,
          -31.742133206562368
        ],
        "spearman": -0.06859415225494718,
        "spearman_ci95": [
          -0.2187470094595125,
          0.06372711710834003
        ]
      },
      "hist_gbt": {
        "r2": 0.4782865342394015,
        "r2_ci95": [
          0.3729598157475647,
          0.556929851955297
        ],
        "spearman": 0.6693752622832809,
        "spearman_ci95": [
          0.5715875159247337,
          0.7493009757483957
        ]
      }
    },
    "altcount_only": {
      "ridge": {
        "r2": 0.6135060160754535,
        "r2_ci95": [
          0.5307092814430588,
          0.6748544003988528
        ],
        "spearman": 0.7566509485268841,
        "spearman_ci95": [
          0.6753975172711683,
          0.8211288751632236
        ]
      },
      "hist_gbt": {
        "r2": 0.6680113209760423,
        "r2_ci95": [
          0.5822299694222214,
          0.7248559236505148
        ],
        "spearman": 0.7480140233017699,
        "spearman_ci95": [
          0.6625015838268787,
          0.8111545618566127
        ]
      }
    },
    "permutation_p": 0.001996007984031936,
    "permutation_observed": 0.7251358909826117,
    "n_significant_features_fdr05": 64
  }
}