{
  "gene": "ZNF266|ENSG00000174652",
  "eur_only": true,
  "combine": "mean",
  "n_individuals": 207,
  "n_features": 128,
  "n_raw_features": 32768,
  "feature_preprocessing": "unsupervised_truncated_svd_128_from_32768",
  "cv": {
    "features": {
      "ridge": {
        "r2": 0.5603685139584815,
        "r2_ci95": [
          0.440901356443219,
          0.6621206811850242
        ],
        "spearman": 0.7837464734652649,
        "spearman_ci95": [
          0.7126794232770168,
          0.8318856305978359
        ]
      },
      "hist_gbt": {
        "r2": 0.6104183269508952,
        "r2_ci95": [
          0.49030403854158194,
          0.6908347487568561
        ],
        "spearman": 0.7725273338139881,
        "spearman_ci95": [
          0.6930190021371399,
          0.8318934958523981
        ]
      }
    },
    "covariates_only_ancestry": {
      "ridge": {
        "r2": -0.007333046226472906,
        "r2_ci95": [
          -0.03558535997241386,
          -0.0019303694747854544
        ],
        "spearman": -0.1357911491858329,
        "spearman_ci95": [
          -0.2694307291376626,
          0.00353138766529724
        ]
      },
      "hist_gbt": {
        "r2": -0.007333046226472906,
        "r2_ci95": [
          -0.03558535997241386,
          -0.0019303694747854544
        ],
        "spearman": -0.1357911491858329,
        "spearman_ci95": [
          -0.2694307291376626,
          0.00353138766529724
        ]
      }
    },
    "features_residualized_ancestry": {
      "ridge": {
        "r2": 0.5484930729616565,
        "r2_ci95": [
          0.42537417581641523,
          0.6549326674727135
        ],
        "spearman": 0.7766201091873698,
        "spearman_ci95": [
          0.7020284850099906,
          0.829315195853944
        ]
      },
      "hist_gbt": {
        "r2": 0.6125543523621537,
        "r2_ci95": [
          0.4991633614701597,
          0.6929228071713478
        ],
        "spearman": 0.7631382689165949,
        "spearman_ci95": [
          0.678182887110792,
          0.8208515703746251
        ]
      }
    },
    "features_residualized_altcount": {
      "ridge": {
        "r2": -71.67722530010928,
        "r2_ci95": [
          -108.45483353157641,
          -44.41144013357419
        ],
        "spearman": -0.2402346632653734,
        "spearman_ci95": [
          -0.35428683946386763,
          -0.11036786455491306
        ]
      },
      "hist_gbt": {
        "r2": 0.27836685271212636,
        "r2_ci95": [
          0.11968591574343557,
          0.4207941928794473
        ],
        "spearman": 0.540267742988834,
        "spearman_ci95": [
          0.42577328682075144,
          0.6467908164073343
        ]
      }
    },
    "altcount_only": {
      "ridge": {
        "r2": 0.6782290484283551,
        "r2_ci95": [
          0.5769368330948272,
          0.7525443041980454
        ],
        "spearman": 0.761397648408438,
        "spearman_ci95": [
          0.6733482422529282,
          0.8316012014987159
        ]
      },
      "hist_gbt": {
        "r2": 0.6686622354879903,
        "r2_ci95": [
          0.5646193253767575,
          0.7437742132272807
        ],
        "spearman": 0.75685224650137,
        "spearman_ci95": [
          0.6712089528680519,
          0.8266807170384065
        ]
      }
    },
    "permutation_p": 0.001996007984031936,
    "permutation_observed": 0.7837464734652649,
    "n_significant_features_fdr05": 72
  }
}