{
  "n": 1799,
  "npos": 600,
  "dmag_vs_abseffect_spearman": 0.03923704554280467,
  "heldout_spearman": 0.12356768440054297,
  "heldout_r2": 0.011149633885245147,
  "perm_p": 0.004975124378109453,
  "perpos_spearman": -0.034983308617213736
}