{
  "single-token": {
    "name": "single-token",
    "mag": 0.07934337885564649,
    "rho": 0.0226992538766838,
    "r2": -0.005689696949439771,
    "p": 0.13930348258706468
  },
  "local \u00b116bp": {
    "name": "local \u00b116bp",
    "mag": 0.11735472754316695,
    "rho": 0.10674981461039632,
    "r2": 0.011346698019239376,
    "p": 0.004975124378109453
  }
}