{
  "gene": "GSTM1|ENSG00000134184",
  "eur_only": true,
  "combine": "mean",
  "n_individuals": 207,
  "n_features": 128,
  "n_raw_features": 32768,
  "feature_preprocessing": "unsupervised_truncated_svd_128_from_32768",
  "cv": {
    "features": {
      "ridge": {
        "r2": 0.12218231642838795,
        "r2_ci95": [
          0.01161301149673247,
          0.2202746321961527
        ],
        "spearman": 0.048434576661652455,
        "spearman_ci95": [
          -0.08039902894536888,
          0.17050746151445553
        ]
      },
      "hist_gbt": {
        "r2": -0.02588149902154635,
        "r2_ci95": [
          -0.07200074548648439,
          0.007927538820561526
        ],
        "spearman": -0.11146148437592039,
        "spearman_ci95": [
          -0.2467330221437327,
          0.002406897694149248
        ]
      }
    },
    "covariates_only_ancestry": {
      "ridge": {
        "r2": -0.020618996730981776,
        "r2_ci95": [
          -0.04518387124514429,
          -0.009373632875302367
        ],
        "spearman": -0.16281764685401015,
        "spearman_ci95": [
          -0.2915670287198282,
          -0.02919073813514858
        ]
      },
      "hist_gbt": {
        "r2": -0.020618996730981776,
        "r2_ci95": [
          -0.04518387124514429,
          -0.009373632875302367
        ],
        "spearman": -0.16281764685401015,
        "spearman_ci95": [
          -0.2915670287198282,
          -0.02919073813514858
        ]
      }
    },
    "features_residualized_ancestry": {
      "ridge": {
        "r2": 0.12459185011317409,
        "r2_ci95": [
          0.014473563145109801,
          0.22190412736089837
        ],
        "spearman": 0.06832393014519542,
        "spearman_ci95": [
          -0.06982978527500634,
          0.19788259070000214
        ]
      },
      "hist_gbt": {
        "r2": -0.11621145799164667,
        "r2_ci95": [
          -0.30271876642562584,
          0.01911462961792562
        ],
        "spearman": 0.16035353751701506,
        "spearman_ci95": [
          0.018319988851512224,
          0.27961927305461914
        ]
      }
    },
    "features_residualized_altcount": {
      "ridge": {
        "r2": -0.0810639897314227,
        "r2_ci95": [
          -0.2486784647629541,
          0.046384567682064025
        ],
        "spearman": -0.07639167010629301,
        "spearman_ci95": [
          -0.2134620108919516,
          0.05764876785231034
        ]
      },
      "hist_gbt": {
        "r2": 0.053915154468257565,
        "r2_ci95": [
          -0.04881005957465808,
          0.14516328780615492
        ],
        "spearman": 0.087419960441002,
        "spearman_ci95": [
          -0.05754739985370718,
          0.20745608182986758
        ]
      }
    },
    "altcount_only": {
      "ridge": {
        "r2": 0.09439269116691185,
        "r2_ci95": [
          0.022244910228510065,
          0.15608374734207228
        ],
        "spearman": 0.09020106362304162,
        "spearman_ci95": [
          -0.05568845946448047,
          0.21360172077468165
        ]
      },
      "hist_gbt": {
        "r2": -0.02588149902154635,
        "r2_ci95": [
          -0.07200074548648439,
          0.007927538820561526
        ],
        "spearman": -0.11146148437592039,
        "spearman_ci95": [
          -0.2467330221437327,
          0.002406897694149248
        ]
      }
    },
    "permutation_p": 0.007984031936127744,
    "permutation_observed": 0.048434576661652455,
    "n_significant_features_fdr05": 111
  }
}