{
  "aim1_contrast": "coding/splice vs other",
  "aim2_contrast": "sweeps vs controls",
  "signed_effect_spearman": -0.1659731896298938,
  "top200_overlap_n": 84,
  "top200_overlap_expected_random": 1.220703125,
  "top200_overlap_features": [
    100,
    825,
    851,
    872,
    1667,
    1878,
    2006,
    2038,
    2704,
    2708,
    2795,
    2864,
    4661,
    5067,
    5388,
    5413,
    5814,
    6002,
    6483,
    6549,
    7483,
    7489,
    7703,
    8044,
    8261,
    9356,
    9448,
    9550,
    9588,
    10035,
    10689,
    10864,
    11280,
    12932,
    13657,
    14147,
    14871,
    15532,
    15809,
    17323,
    17490,
    17961,
    18149,
    18591,
    18982,
    19140,
    19681,
    20554,
    20873,
    21167,
    21705,
    22217,
    22783,
    23956,
    24144,
    24508,
    24826,
    25147,
    25851,
    26189,
    26395,
    26443,
    26750,
    27115,
    27339,
    27456,
    28093,
    28182,
    28534,
    28873,
    29293,
    29844,
    29848,
    29913,
    30154,
    30715,
    31044,
    31340,
    31405,
    32202,
    32626,
    32648,
    32710,
    32713
  ]
}
