aim,median_nonzero,mean_nonzero
Aim1,4438.5,4358.548571428571
Aim2,4918.5,4812.534166666666
Aim3,4861.5,4773.478431372549
