{
  "gene": "GSTM1|ENSG00000134184",
  "eur_only": false,
  "combine": "mean",
  "n_individuals": 255,
  "n_features": 128,
  "n_raw_features": 32768,
  "feature_preprocessing": "unsupervised_truncated_svd_128_from_32768",
  "cv": {
    "features": {
      "ridge": {
        "r2": 0.09625722182369811,
        "r2_ci95": [
          0.019657856918367436,
          0.17875232026998228
        ],
        "spearman": 0.12655877664848647,
        "spearman_ci95": [
          0.015543353211100197,
          0.24622355909875537
        ]
      },
      "hist_gbt": {
        "r2": 0.04329003197915382,
        "r2_ci95": [
          -0.006583643127863137,
          0.08770817345538401
        ],
        "spearman": 0.13935248373266057,
        "spearman_ci95": [
          0.010501895946883284,
          0.2679939403434467
        ]
      }
    },
    "covariates_only_ancestry": {
      "ridge": {
        "r2": -0.03436165824639259,
        "r2_ci95": [
          -0.07016019823658749,
          -0.00632751693987421
        ],
        "spearman": -0.10034800042083811,
        "spearman_ci95": [
          -0.213653109324802,
          0.03303745101996291
        ]
      },
      "hist_gbt": {
        "r2": -0.03453203759038925,
        "r2_ci95": [
          -0.07047722584926541,
          -0.006310704968904914
        ],
        "spearman": -0.10034800042083811,
        "spearman_ci95": [
          -0.213653109324802,
          0.03303745101996291
        ]
      }
    },
    "features_residualized_ancestry": {
      "ridge": {
        "r2": 0.10439063876944088,
        "r2_ci95": [
          0.023234331869297634,
          0.18799325442052203
        ],
        "spearman": 0.20779966781142326,
        "spearman_ci95": [
          0.08255604618522713,
          0.3250493185766774
        ]
      },
      "hist_gbt": {
        "r2": 0.05614258429507335,
        "r2_ci95": [
          -0.044815596676525536,
          0.14464382727492253
        ],
        "spearman": 0.23293154153486087,
        "spearman_ci95": [
          0.11847977239229551,
          0.3538726451954121
        ]
      }
    },
    "features_residualized_altcount": {
      "ridge": {
        "r2": 0.007290295115067624,
        "r2_ci95": [
          -0.05799755172651245,
          0.061506022724755756
        ],
        "spearman": 0.020926614758716145,
        "spearman_ci95": [
          -0.10474708005468689,
          0.13997034031746736
        ]
      },
      "hist_gbt": {
        "r2": -0.014057961025764287,
        "r2_ci95": [
          -0.1187169103295344,
          0.06378358964096942
        ],
        "spearman": 0.1366278038522114,
        "spearman_ci95": [
          0.016014235538865176,
          0.2495792359451737
        ]
      }
    },
    "altcount_only": {
      "ridge": {
        "r2": 0.07727935808463882,
        "r2_ci95": [
          0.022207847282586835,
          0.1384979500712663
        ],
        "spearman": 0.12372821261527064,
        "spearman_ci95": [
          0.013825741191266224,
          0.2424337253721215
        ]
      },
      "hist_gbt": {
        "r2": 0.040467854070496356,
        "r2_ci95": [
          -0.010649629723065136,
          0.08591992758767693
        ],
        "spearman": 0.13873315684850587,
        "spearman_ci95": [
          0.010165283241569432,
          0.2679939403434467
        ]
      }
    },
    "permutation_p": 0.001996007984031936,
    "permutation_observed": 0.12655877664848647,
    "n_significant_features_fdr05": 94
  },
  "heldout_test": {
    "features": {
      "spearman": 0.16872606179478664,
      "spearman_ci95": [
        0.0067545740341812864,
        0.31980115104938006
      ],
      "r2": -0.030256083721327043,
      "perm_p_twosided": 0.014925373134328358,
      "n_test": 90,
      "null_mean": -0.00964116289465776,
      "null_std": 0.1212696150387121
    },
    "features_plus_ancestry": {
      "spearman": 0.19422890526355382,
      "spearman_ci95": [
        -0.025071617429888365,
        0.39277326449137656
      ],
      "r2": -0.02188893083082477,
      "perm_p_twosided": 0.014925373134328358,
      "n_test": 90,
      "null_mean": -0.024320110790645635,
      "null_std": 0.11045122471034496
    },
    "ancestry_only": {
      "spearman": 0.09697401371781826,
      "spearman_ci95": [
        -0.1575445973821384,
        0.32023748621880693
      ],
      "r2": -0.0069704211276020445,
      "perm_p_twosided": 1.0,
      "n_test": 90,
      "null_mean": -0.012606621783316374,
      "null_std": 0.0961510916410002
    },
    "altcount_only": {
      "spearman": 0.16458408577810946,
      "spearman_ci95": [
        0.006105374085463065,
        0.31614926223486917
      ],
      "r2": -0.01754345414975078,
      "perm_p_twosided": 1.0,
      "n_test": 90,
      "null_mean": -0.0065833634311243784,
      "null_std": 0.16445236580040384
    }
  }
}