{
  "gene": "POMZP3|ENSG00000146707",
  "eur_only": false,
  "combine": "mean",
  "n_individuals": 255,
  "n_features": 128,
  "n_raw_features": 32768,
  "feature_preprocessing": "unsupervised_truncated_svd_128_from_32768",
  "cv": {
    "features": {
      "ridge": {
        "r2": 0.2762435341804821,
        "r2_ci95": [
          0.10015254851425195,
          0.423173546162969
        ],
        "spearman": 0.6304483765392978,
        "spearman_ci95": [
          0.5414296702544384,
          0.7057082963496117
        ]
      },
      "hist_gbt": {
        "r2": 0.5869650755387985,
        "r2_ci95": [
          0.5053318568690545,
          0.658447733282785
        ],
        "spearman": 0.7544667384638476,
        "spearman_ci95": [
          0.7000653716319349,
          0.8018422300743481
        ]
      }
    },
    "covariates_only_ancestry": {
      "ridge": {
        "r2": -0.006763981642898598,
        "r2_ci95": [
          -0.03563039396095136,
          0.00719631379067504
        ],
        "spearman": -0.04827565108800395,
        "spearman_ci95": [
          -0.17090878056411793,
          0.07537695859922132
        ]
      },
      "hist_gbt": {
        "r2": -0.006806136503941351,
        "r2_ci95": [
          -0.035752407706887056,
          0.007224765161520497
        ],
        "spearman": -0.04827565108800395,
        "spearman_ci95": [
          -0.17090878056411793,
          0.07537695859922132
        ]
      }
    },
    "features_residualized_ancestry": {
      "ridge": {
        "r2": 0.11807103679942033,
        "r2_ci95": [
          -0.1671811640469229,
          0.3450746719164242
        ],
        "spearman": 0.6183003863986786,
        "spearman_ci95": [
          0.5346655802966116,
          0.693315600161176
        ]
      },
      "hist_gbt": {
        "r2": 0.6105024072403317,
        "r2_ci95": [
          0.5431934842502841,
          0.6705163712620253
        ],
        "spearman": 0.7674325280383573,
        "spearman_ci95": [
          0.7157967021557926,
          0.8084622199188132
        ]
      }
    },
    "features_residualized_altcount": {
      "ridge": {
        "r2": -6.502679380533603,
        "r2_ci95": [
          -10.402425491857446,
          -3.826891044719195
        ],
        "spearman": 0.44825191654006236,
        "spearman_ci95": [
          0.3280028437143905,
          0.5604087383626384
        ]
      },
      "hist_gbt": {
        "r2": 0.5891564652258187,
        "r2_ci95": [
          0.5142164340213531,
          0.6545511621031246
        ],
        "spearman": 0.7508777152709928,
        "spearman_ci95": [
          0.6986824490811153,
          0.7945030106312548
        ]
      }
    },
    "altcount_only": {
      "ridge": {
        "r2": 0.07424063720254748,
        "r2_ci95": [
          0.009792757985248608,
          0.12923095256795314
        ],
        "spearman": 0.1878746281217832,
        "spearman_ci95": [
          0.07399113469854289,
          0.3058051627216491
        ]
      },
      "hist_gbt": {
        "r2": 0.34648381856244836,
        "r2_ci95": [
          0.2472730888888302,
          0.42042582055021777
        ],
        "spearman": 0.579546727475382,
        "spearman_ci95": [
          0.49600453443601245,
          0.6473823136818958
        ]
      }
    },
    "permutation_p": 0.001996007984031936,
    "permutation_observed": 0.6304483765392978,
    "n_significant_features_fdr05": 26
  },
  "heldout_test": {
    "features": {
      "spearman": 0.667485376458892,
      "spearman_ci95": [
        0.5124762331301929,
        0.7751889631967913
      ],
      "r2": 0.35407438990991447,
      "perm_p_twosided": 0.004975124378109453,
      "n_test": 90,
      "null_mean": 0.016217957665171888,
      "null_std": 0.1222789588092798
    },
    "features_plus_ancestry": {
      "spearman": 0.6756635480790715,
      "spearman_ci95": [
        0.5229503605692527,
        0.7813162393294725
      ],
      "r2": 0.3680161831453801,
      "perm_p_twosided": 0.004975124378109453,
      "n_test": 90,
      "null_mean": 0.014785480577648795,
      "null_std": 0.12448768110616613
    },
    "ancestry_only": {
      "spearman": 0.02123099708614956,
      "spearman_ci95": [
        -0.1687109524050298,
        0.2064864738247485
      ],
      "r2": -0.02546264342917115,
      "perm_p_twosided": 1.0,
      "n_test": 90,
      "null_mean": 0.0014861697960304693,
      "null_std": 0.0211789172671659
    },
    "altcount_only": {
      "spearman": 0.291148483450281,
      "spearman_ci95": [
        0.0679971639402353,
        0.48287613613406266
      ],
      "r2": 0.07568568156968802,
      "perm_p_twosided": 1.0,
      "n_test": 90,
      "null_mean": -0.01455742417251405,
      "null_std": 0.2907843201014458
    }
  }
}