{
  "title": "PEX6|ENSG00000124587 (EUR-only) | SAE-features vs ancestry",
  "separation": {
    "task": "regression",
    "n_samples": 207,
    "n_features": 128,
    "n_groups": 207,
    "n_splits": 5,
    "split_strategy": "GroupKFold",
    "features": {
      "ridge": {
        "r2": 0.5703566099818247,
        "r2_ci95": [
          0.41104434175137716,
          0.6843554523291046
        ],
        "spearman": 0.7734282067569562,
        "spearman_ci95": [
          0.7018701792839537,
          0.8356127670461465
        ]
      },
      "hist_gbt": {
        "r2": 0.7022064970653409,
        "r2_ci95": [
          0.6025094231058313,
          0.7807028387444068
        ],
        "spearman": 0.8151343256188094,
        "spearman_ci95": [
          0.7373866999555064,
          0.869503694965498
        ]
      }
    },
    "covariates_only": {
      "ridge": {
        "r2": -0.01704916170287829,
        "r2_ci95": [
          -0.043652727847268376,
          -0.007297690309853803
        ],
        "spearman": -0.16356330064074232,
        "spearman_ci95": [
          -0.2919869228603874,
          -0.031551391793949966
        ]
      },
      "hist_gbt": {
        "r2": -0.01704916170287829,
        "r2_ci95": [
          -0.043652727847268376,
          -0.007297690309853803
        ],
        "spearman": -0.16356330064074232,
        "spearman_ci95": [
          -0.2919869228603874,
          -0.031551391793949966
        ]
      }
    },
    "features_residualized": {
      "ridge": {
        "r2": 0.5571971757297469,
        "r2_ci95": [
          0.38596131583067894,
          0.6758607994263655
        ],
        "spearman": 0.7730969195356787,
        "spearman_ci95": [
          0.7033095522795986,
          0.8368048606101285
        ]
      },
      "hist_gbt": {
        "r2": 0.7105502275823469,
        "r2_ci95": [
          0.6114441735001976,
          0.7884580666993843
        ],
        "spearman": 0.8222132556278433,
        "spearman_ci95": [
          0.7478111828430855,
          0.8786271043544026
        ]
      }
    }
  },
  "permutation_test": {
    "metric": "spearman",
    "model": "ridge",
    "observed": 0.7734282067569562,
    "null_mean": -0.013376846634913004,
    "null_std": 0.0832962177228964,
    "n_perm_effective": 500,
    "p_value": 0.001996007984031936,
    "permute_within_groups": true,
    "permutation_unit": "group"
  },
  "n_significant_features_fdr05": 54,
  "plots": [
    "/Users/user/bio-interp-experiments/results/aim3_assoc/PEX6_ENSG00000124587__EURonly/pca.png",
    "/Users/user/bio-interp-experiments/results/aim3_assoc/PEX6_ENSG00000124587__EURonly/umap.png",
    "/Users/user/bio-interp-experiments/results/aim3_assoc/PEX6_ENSG00000124587__EURonly/volcano.png",
    "/Users/user/bio-interp-experiments/results/aim3_assoc/PEX6_ENSG00000124587__EURonly/top_features.png"
  ]
}