{
  "gene": "PEX6|ENSG00000124587",
  "eur_only": true,
  "combine": "mean",
  "n_individuals": 207,
  "n_features": 128,
  "n_raw_features": 32768,
  "feature_preprocessing": "unsupervised_truncated_svd_128_from_32768",
  "cv": {
    "features": {
      "ridge": {
        "r2": 0.5703566099818247,
        "r2_ci95": [
          0.41104434175137716,
          0.6843554523291046
        ],
        "spearman": 0.7734282067569562,
        "spearman_ci95": [
          0.7018701792839537,
          0.8356127670461465
        ]
      },
      "hist_gbt": {
        "r2": 0.7022064970653409,
        "r2_ci95": [
          0.6025094231058313,
          0.7807028387444068
        ],
        "spearman": 0.8151343256188094,
        "spearman_ci95": [
          0.7373866999555064,
          0.869503694965498
        ]
      }
    },
    "covariates_only_ancestry": {
      "ridge": {
        "r2": -0.01704916170287829,
        "r2_ci95": [
          -0.043652727847268376,
          -0.007297690309853803
        ],
        "spearman": -0.16356330064074232,
        "spearman_ci95": [
          -0.2919869228603874,
          -0.031551391793949966
        ]
      },
      "hist_gbt": {
        "r2": -0.01704916170287829,
        "r2_ci95": [
          -0.043652727847268376,
          -0.007297690309853803
        ],
        "spearman": -0.16356330064074232,
        "spearman_ci95": [
          -0.2919869228603874,
          -0.031551391793949966
        ]
      }
    },
    "features_residualized_ancestry": {
      "ridge": {
        "r2": 0.5571971757297469,
        "r2_ci95": [
          0.38596131583067894,
          0.6758607994263655
        ],
        "spearman": 0.7730969195356787,
        "spearman_ci95": [
          0.7033095522795986,
          0.8368048606101285
        ]
      },
      "hist_gbt": {
        "r2": 0.7105502275823469,
        "r2_ci95": [
          0.6114441735001976,
          0.7884580666993843
        ],
        "spearman": 0.8222132556278433,
        "spearman_ci95": [
          0.7478111828430855,
          0.8786271043544026
        ]
      }
    },
    "features_residualized_altcount": {
      "ridge": {
        "r2": -42.807084004612356,
        "r2_ci95": [
          -67.68808447108374,
          -24.047773397835975
        ],
        "spearman": -0.21448182782344521,
        "spearman_ci95": [
          -0.32712056986217003,
          -0.08952289032759618
        ]
      },
      "hist_gbt": {
        "r2": 0.5205614157284763,
        "r2_ci95": [
          0.40207623583241847,
          0.6113844326430833
        ],
        "spearman": 0.7172077741540062,
        "spearman_ci95": [
          0.6189081401823158,
          0.7963850335423321
        ]
      }
    },
    "altcount_only": {
      "ridge": {
        "r2": 0.6581597207891328,
        "r2_ci95": [
          0.5803977622448597,
          0.7272648370741679
        ],
        "spearman": 0.7269910773827643,
        "spearman_ci95": [
          0.6394307481139411,
          0.7965404429392938
        ]
      },
      "hist_gbt": {
        "r2": 0.6964647291990849,
        "r2_ci95": [
          0.6219212864783101,
          0.7638051757736667
        ],
        "spearman": 0.7883321162703256,
        "spearman_ci95": [
          0.7180844062804468,
          0.8405839513825385
        ]
      }
    },
    "permutation_p": 0.001996007984031936,
    "permutation_observed": 0.7734282067569562,
    "n_significant_features_fdr05": 54
  }
}