{
  "gene": "ZNF266|ENSG00000174652",
  "eur_only": false,
  "combine": "mean",
  "n_individuals": 255,
  "n_features": 128,
  "n_raw_features": 32768,
  "feature_preprocessing": "unsupervised_truncated_svd_128_from_32768",
  "cv": {
    "features": {
      "ridge": {
        "r2": 0.4693126302464883,
        "r2_ci95": [
          0.3329598583265079,
          0.5731826952736863
        ],
        "spearman": 0.7153724610080211,
        "spearman_ci95": [
          0.6335193516135458,
          0.7786267623006959
        ]
      },
      "hist_gbt": {
        "r2": 0.5900454710136005,
        "r2_ci95": [
          0.48610302621749524,
          0.6600070914161259
        ],
        "spearman": 0.7774403842805967,
        "spearman_ci95": [
          0.700004824705593,
          0.82804537637835
        ]
      }
    },
    "covariates_only_ancestry": {
      "ridge": {
        "r2": -0.01271216288561794,
        "r2_ci95": [
          -0.04987166545606701,
          0.01190612200136841
        ],
        "spearman": -0.006784887805802764,
        "spearman_ci95": [
          -0.12654953007232253,
          0.10445634641148986
        ]
      },
      "hist_gbt": {
        "r2": -0.012786807341297335,
        "r2_ci95": [
          -0.0500539178910113,
          0.011936730303870331
        ],
        "spearman": -0.006784887805802764,
        "spearman_ci95": [
          -0.12654953007232253,
          0.10445634641148986
        ]
      }
    },
    "features_residualized_ancestry": {
      "ridge": {
        "r2": -0.07235192981450234,
        "r2_ci95": [
          -0.592431151887498,
          0.2921482005016861
        ],
        "spearman": 0.6352071467409618,
        "spearman_ci95": [
          0.525136549785281,
          0.7215615920185839
        ]
      },
      "hist_gbt": {
        "r2": 0.5761186334419871,
        "r2_ci95": [
          0.46251828313722987,
          0.6429194731446569
        ],
        "spearman": 0.7753883889305919,
        "spearman_ci95": [
          0.6967745455574967,
          0.8253699088699207
        ]
      }
    },
    "features_residualized_altcount": {
      "ridge": {
        "r2": -62.90630784574499,
        "r2_ci95": [
          -93.01958957363973,
          -36.774500386564824
        ],
        "spearman": -0.19809670865700282,
        "spearman_ci95": [
          -0.3200521515877943,
          -0.07953651818770707
        ]
      },
      "hist_gbt": {
        "r2": 0.392183684841948,
        "r2_ci95": [
          0.273024571687518,
          0.4898947423331499
        ],
        "spearman": 0.6446245591284167,
        "spearman_ci95": [
          0.5429291609278153,
          0.7220409770010363
        ]
      }
    },
    "altcount_only": {
      "ridge": {
        "r2": 0.606650211509353,
        "r2_ci95": [
          0.5058612364771283,
          0.68000890952499
        ],
        "spearman": 0.747741219895138,
        "spearman_ci95": [
          0.6636652170496135,
          0.8120143202396786
        ]
      },
      "hist_gbt": {
        "r2": 0.638830348556271,
        "r2_ci95": [
          0.534889431062876,
          0.710039017332971
        ],
        "spearman": 0.7557011010382485,
        "spearman_ci95": [
          0.6768808380921137,
          0.8202719815559021
        ]
      }
    },
    "permutation_p": 0.001996007984031936,
    "permutation_observed": 0.7153724610080211,
    "n_significant_features_fdr05": 76
  },
  "heldout_test": {
    "features": {
      "spearman": 0.7325066107055871,
      "spearman_ci95": [
        0.5786629662767762,
        0.8437373379858494
      ],
      "r2": 0.4764973960659633,
      "perm_p_twosided": 0.004975124378109453,
      "n_test": 90,
      "null_mean": -0.007174195190403339,
      "null_std": 0.14676735133177146
    },
    "features_plus_ancestry": {
      "spearman": 0.7358878024360677,
      "spearman_ci95": [
        0.5796922855930782,
        0.8469045183911112
      ],
      "r2": 0.4923619381331995,
      "perm_p_twosided": 0.004975124378109453,
      "n_test": 90,
      "null_mean": -0.006072256179146105,
      "null_std": 0.14896746302229072
    },
    "ancestry_only": {
      "spearman": -0.05565964100963534,
      "spearman_ci95": [
        -0.2920486210913164,
        0.20021476549462844
      ],
      "r2": -0.07498642915691711,
      "perm_p_twosided": 1.0,
      "n_test": 90,
      "null_mean": 0.0011131928201927072,
      "null_std": 0.0556485079680179
    },
    "altcount_only": {
      "spearman": 0.7347504629765624,
      "spearman_ci95": [
        0.5920680911478177,
        0.8323189179762039
      ],
      "r2": 0.6298491918148468,
      "perm_p_twosided": 1.0,
      "n_test": 90,
      "null_mean": 0.06612754166789063,
      "null_std": 0.7317686732002363
    }
  }
}