{
  "gene": "POMZP3|ENSG00000146707",
  "eur_only": true,
  "combine": "mean",
  "n_individuals": 207,
  "n_features": 128,
  "n_raw_features": 32768,
  "feature_preprocessing": "unsupervised_truncated_svd_128_from_32768",
  "cv": {
    "features": {
      "ridge": {
        "r2": 0.3479484520091989,
        "r2_ci95": [
          0.1467370715995883,
          0.5026880781838258
        ],
        "spearman": 0.6419127782068086,
        "spearman_ci95": [
          0.5456259824610019,
          0.7284648106797893
        ]
      },
      "hist_gbt": {
        "r2": 0.6018737256787622,
        "r2_ci95": [
          0.505904045366491,
          0.6841959807291903
        ],
        "spearman": 0.7629272669994381,
        "spearman_ci95": [
          0.7076875230215737,
          0.8069697710237383
        ]
      }
    },
    "covariates_only_ancestry": {
      "ridge": {
        "r2": -0.006830779903600037,
        "r2_ci95": [
          -0.03558448230639075,
          -0.001950140984492594
        ],
        "spearman": -0.10601401754882141,
        "spearman_ci95": [
          -0.22905885500170806,
          0.029405472790211842
        ]
      },
      "hist_gbt": {
        "r2": -0.006830779903600037,
        "r2_ci95": [
          -0.03558448230639075,
          -0.001950140984492594
        ],
        "spearman": -0.10601401754882141,
        "spearman_ci95": [
          -0.22905885500170806,
          0.029405472790211842
        ]
      }
    },
    "features_residualized_ancestry": {
      "ridge": {
        "r2": 0.34315824365361025,
        "r2_ci95": [
          0.1387761585416123,
          0.49687145598238186
        ],
        "spearman": 0.6465319022242833,
        "spearman_ci95": [
          0.5472449916288142,
          0.7324147757748115
        ]
      },
      "hist_gbt": {
        "r2": 0.6232219080533569,
        "r2_ci95": [
          0.5338157215866515,
          0.6884969484548359
        ],
        "spearman": 0.7819495071180924,
        "spearman_ci95": [
          0.7362064055210505,
          0.8230212042941384
        ]
      }
    },
    "features_residualized_altcount": {
      "ridge": {
        "r2": -7.562778427092068,
        "r2_ci95": [
          -14.398143675968953,
          -3.365178125388737
        ],
        "spearman": 0.47036900570474505,
        "spearman_ci95": [
          0.36014889019388313,
          0.5748422378573089
        ]
      },
      "hist_gbt": {
        "r2": 0.5782472756356032,
        "r2_ci95": [
          0.49164066980754534,
          0.6528825525358942
        ],
        "spearman": 0.7686181085912341,
        "spearman_ci95": [
          0.7209155200019924,
          0.8111312462987338
        ]
      }
    },
    "altcount_only": {
      "ridge": {
        "r2": 0.0927587032599334,
        "r2_ci95": [
          -0.0037746372972126507,
          0.16875287639170597
        ],
        "spearman": 0.21545325250712588,
        "spearman_ci95": [
          0.07704521054749848,
          0.3539293062854436
        ]
      },
      "hist_gbt": {
        "r2": 0.41698082529512437,
        "r2_ci95": [
          0.29472368087829687,
          0.5102465650550857
        ],
        "spearman": 0.6289349677970197,
        "spearman_ci95": [
          0.5459377450979999,
          0.702521312671531
        ]
      }
    },
    "permutation_p": 0.001996007984031936,
    "permutation_observed": 0.6419127782068086,
    "n_significant_features_fdr05": 42
  }
}