{
  "gene": "RPS26|ENSG00000197728",
  "eur_only": true,
  "combine": "mean",
  "n_individuals": 207,
  "n_features": 128,
  "n_raw_features": 32768,
  "feature_preprocessing": "unsupervised_truncated_svd_128_from_32768",
  "cv": {
    "features": {
      "ridge": {
        "r2": 0.6992265032053061,
        "r2_ci95": [
          0.6079106430195376,
          0.7721293618078294
        ],
        "spearman": 0.7793119557440003,
        "spearman_ci95": [
          0.7249402757881329,
          0.8267068320081862
        ]
      },
      "hist_gbt": {
        "r2": 0.745424765363198,
        "r2_ci95": [
          0.6578393121942507,
          0.8040331342911979
        ],
        "spearman": 0.7836468849155012,
        "spearman_ci95": [
          0.7300570115111903,
          0.8246242899349997
        ]
      }
    },
    "covariates_only_ancestry": {
      "ridge": {
        "r2": -0.007344293344742514,
        "r2_ci95": [
          -0.03272768044061776,
          -0.0019295594891942224
        ],
        "spearman": -0.09712900034376909,
        "spearman_ci95": [
          -0.23904924547936118,
          0.03638451694330337
        ]
      },
      "hist_gbt": {
        "r2": -0.007344293344742514,
        "r2_ci95": [
          -0.03272768044061776,
          -0.0019295594891942224
        ],
        "spearman": -0.09712900034376909,
        "spearman_ci95": [
          -0.23904924547936118,
          0.03638451694330337
        ]
      }
    },
    "features_residualized_ancestry": {
      "ridge": {
        "r2": 0.6976332535558913,
        "r2_ci95": [
          0.5995596508243372,
          0.7716858637450016
        ],
        "spearman": 0.7696195858726386,
        "spearman_ci95": [
          0.7038722226116028,
          0.8202660539753933
        ]
      },
      "hist_gbt": {
        "r2": 0.7491471715605658,
        "r2_ci95": [
          0.6563994579120822,
          0.810689421485529
        ],
        "spearman": 0.7919267916255729,
        "spearman_ci95": [
          0.7348975080230847,
          0.8338639744686239
        ]
      }
    },
    "features_residualized_altcount": {
      "ridge": {
        "r2": -24.460063363688757,
        "r2_ci95": [
          -44.553744063983125,
          -10.18617692330829
        ],
        "spearman": 0.3084417816837049,
        "spearman_ci95": [
          0.16383372111041508,
          0.4392138334852432
        ]
      },
      "hist_gbt": {
        "r2": 0.47493487266677237,
        "r2_ci95": [
          0.33264651910876314,
          0.5920978248341399
        ],
        "spearman": 0.6294075701023685,
        "spearman_ci95": [
          0.5145125554864123,
          0.7260229711270558
        ]
      }
    },
    "altcount_only": {
      "ridge": {
        "r2": 0.38357791764325977,
        "r2_ci95": [
          0.2865273412527003,
          0.4650010082775273
        ],
        "spearman": 0.6421451996303511,
        "spearman_ci95": [
          0.5673144723072329,
          0.704551043603019
        ]
      },
      "hist_gbt": {
        "r2": 0.4295891705420699,
        "r2_ci95": [
          0.3262433093297954,
          0.5138551512307769
        ],
        "spearman": 0.6187458489715552,
        "spearman_ci95": [
          0.5394827658283231,
          0.6843763907967667
        ]
      }
    },
    "permutation_p": 0.001996007984031936,
    "permutation_observed": 0.7793119557440003,
    "n_significant_features_fdr05": 84
  }
}